BratislavaI-V;Celkovavymerauzemiaobce-mesta(vm2);367497182;367497182;367520138;367520138;367521977;367584374;367584374;367584374;367584374;367584374;367584374;367584217;367660755;367660843;367660843;367660843;367627122;367627172;367627172;367627172;367627172;367627172;
;PolnohospodarskaPoda-spolu(vm2);148866782;148620689;148462318;147992398;147998235;147815469;147239769;147063114;146391434;145341589;144601852;143991976;141715714;140648815;140183871;139307485;138510917;137717394;137339703;136869677;135422773;134815096;
;PolnohospodarskaPoda-ornaPoda(vm2);112102734;111745299;111454693;112076820;112160728;112190347;111686713;111547973;109308905;107665702;107862017;107288299;105302354;104412613;104100614;103301321;102613980;101962142;101744662;101458449;100101585;99737716;
;PolnohospodarskaPoda-chmelnica(vm2);343;343;348;424;829;749;752;752;339;339;325;518;325;325;325;325;325;325;325;325;325;325;
;PolnohospodarskaPoda-vinica(vm2);8647285;8541290;8405052;8138045;8109109;8096740;8104659;8072108;7956348;7904739;7756556;7720999;7601950;7252141;6840678;6847135;6665606;6431363;6244815;6212064;6193072;6055833;
;PolnohospodarskaPoda-zahrada;18542098;18375959;18257872;18331696;18321790;18228487;18217335;18229878;18194971;18019908;18088410;18110518;18025368;17931322;18028113;18065782;18044500;17982611;17908578;17814637;17742199;17650071;
;PolnohospodarskaPoda-ovocnysad(vm2);5202232;5559481;5814981;4905450;4901290;4806994;4807390;4800870;3873130;3853671;3076844;3069431;3042969;3041539;2905004;2787276;2765128;2750585;2743825;2740539;2739727;2739335;
;PolnohospodarskaPoda-trvalytravnyporast(vm2);4372090;4398317;4529372;4539963;4504489;4492152;4422920;4411533;7057741;7897230;7817700;7802211;7742748;8010875;8309137;8305646;8421378;8590368;8697498;8643663;8645865;8631816;
;NepolnohospodarskaPoda-spolu;218630400;218876493;219057820;219527740;219523742;219768905;220344605;220521260;221192940;222242785;222982522;223592241;225945041;227012028;227476972;228353358;229116205;229909778;230287469;230757495;232204399;232812076;
;NepolnohospodarskaPoda-lesnypozemok(vm2);81275861;81055589;81055104;81051701;81071816;81024897;81038449;81093185;81043871;81010018;80986284;80987223;80942038;80974468;80962152;80947896;80947910;80861613;80898513;80893662;80896042;80696965;
;NepolnohospodarskaPoda-vodnaplocha(vm2);15138553;15123293;15098327;15086089;14757938;14756639;14724194;14721570;14693594;14765600;14773582;17107835;17141327;17149062;17876714;17883353;17858062;17847033;17849300;18375259;18368502;18541945;
;NepolnohospodarskaPoda-zastavanaplochaanadvorie(vm2);60722752;60069650;59728902;59918527;60488908;61697479;62985567;67180291;68139182;69926323;70711268;72310347;73504677;74083991;74613845;75184894;75282296;75851279;76233628;77016295;77424457;77846566;
;NepolnohospodarskaPoda-ostatnaplocha(vm2);61493234;62627961;63175487;63471423;63205080;62289890;61596395;57526214;57316293;56540844;56511388;53186836;54356999;54804507;54024261;54337215;55027937;55349853;55306028;54472279;55515398;55726600;
Bratislava-StareMesto;Celkovavymerauzemiaobce-mesta(vm2);9590124;9590124;9590124;9590124;9590124;9590124;9590124;9590124;9590124;9590124;9590124;9590124;9590124;9590124;9590124;9590124;9590124;9590124;9590124;9590124;9590124;9590124;
;PolnohospodarskaPoda-spolu(vm2);1889747;1864483;1886154;1856601;1817931;1810720;1791851;1780113;1768960;1780453;1744026;1739115;1721446;1713128;1703404;1687041;1678902;1673909;1665631;1652235;1642851;1639321;
;PolnohospodarskaPoda-ornaPoda(vm2);10795;10795;11674;11674;11674;11674;11674;11143;10848;10848;10530;10054;10054;10054;10054;10054;10054;10054;10054;10054;10054;10054;
;PolnohospodarskaPoda-vinica(vm2);18388;18349;18349;18349;18349;18349;17849;17776;17355;16947;16947;16316;16316;14719;14719;14696;14696;14696;14700;14700;14700;14700;
;PolnohospodarskaPoda-zahrada;1784833;1761124;1756080;1740466;1711698;1704629;1689608;1678697;1669429;1679221;1646666;1643367;1625698;1619533;1611826;1595486;1587388;1583291;1575009;1570953;1561570;1558040;
;PolnohospodarskaPoda-trvalytravnyporast(vm2);75731;74215;100051;86112;76210;76068;72720;72497;71328;73437;69883;69378;69378;68822;66805;66805;66764;65868;65868;56528;56527;56527;
;NepolnohospodarskaPoda-spolu;7700377;7725641;7703970;7733523;7772193;7779404;7798273;7810011;7821164;7809671;7846098;7851009;7868678;7876996;7886720;7903083;7911222;7916215;7924493;7937889;7947273;7950803;
;NepolnohospodarskaPoda-lesnypozemok(vm2);1073;1073;1073;2062;2062;2062;2062;1073;1073;1073;1073;1073;1073;1073;1073;1073;1073;1073;1073;1073;1073;1073;
;NepolnohospodarskaPoda-vodnaplocha(vm2);499549;497439;498350;491369;491451;496649;492588;491537;492347;492266;492540;490409;490777;490726;496107;496157;496238;496237;496154;495159;496501;496748;
;NepolnohospodarskaPoda-zastavanaplochaanadvorie(vm2);4988500;4999473;4996998;5016625;5053389;5068479;5143779;5178688;5192887;5231895;5255751;5290948;5332486;5370866;5380933;5414714;5428269;5437914;5447702;5497285;5550637;5583627;
;NepolnohospodarskaPoda-ostatnaplocha(vm2);2211255;2227656;2207549;2223467;2225291;2212214;2159844;2138713;2134857;2084437;2096734;2068579;2044342;2014331;2008607;1991139;1985642;1980991;1979564;1944372;1899062;1869355;
Bratislava-PodunajskeBiskupice;Celkovavymerauzemiaobce-mesta(vm2);42492968;42492968;42492968;42492968;42492968;42492968;42492968;42492968;42492968;42492968;42492968;42492968;42492968;42492968;42492968;42492968;42492968;42492968;42492968;42492968;42492968;42492968;
;PolnohospodarskaPoda-spolu(vm2);24806452;24801816;24802314;24784813;24791044;24798879;24745004;24738916;24386834;24341408;24346164;24334656;23435506;23373352;23552367;23532122;23502225;23494231;23460891;23416376;22383373;22366628;
;PolnohospodarskaPoda-ornaPoda(vm2);21456794;21456086;21456269;22580902;22590316;22586547;22537218;22524407;22652143;22619554;22680829;22669967;21775582;21724520;21908905;21903771;21880979;21877131;21850960;21805279;20779661;20767512;
;PolnohospodarskaPoda-vinica(vm2);424044;424044;424044;194816;194816;194820;194820;194820;194820;194245;149687;149687;149687;149687;149687;149687;149687;149687;149321;149321;149321;149321;
;PolnohospodarskaPoda-zahrada;1394607;1390679;1390994;1390975;1387792;1399406;1394860;1401561;1407028;1394766;1382937;1382291;1377490;1366385;1361076;1345965;1338860;1332121;1325318;1299150;1288394;1283798;
;PolnohospodarskaPoda-ovocnysad(vm2);1491567;1491567;1491567;578680;578680;578680;578680;578680;93395;93395;93395;93395;93395;93395;93188;93188;93188;93188;93188;93188;92376;92376;
;PolnohospodarskaPoda-trvalytravnyporast(vm2);39440;39440;39440;39440;39440;39426;39426;39448;39448;39448;39316;39316;39352;39365;39511;39511;39511;42104;42104;69438;73621;73621;
;NepolnohospodarskaPoda-spolu;17686516;17691152;17690654;17708155;17701924;17694089;17747964;17754052;18106134;18151560;18146804;18158312;19057462;19119616;18940601;18960846;18990743;18998737;19032077;19076592;20109595;20126340;
;NepolnohospodarskaPoda-lesnypozemok(vm2);8003398;8059899;8059899;8059899;8059890;8059890;8059889;8059889;8059889;8059889;8060018;8060018;8060018;8095315;8095315;8095315;8095315;8095315;8095315;8093800;8093800;7979509;
;NepolnohospodarskaPoda-vodnaplocha(vm2);3031650;3038709;3038713;3038132;3038193;3038103;3038108;3038228;3038890;3040511;3040099;1921851;1922025;1922467;1923322;1923324;1923328;1923495;1923887;1927126;1927126;2041417;
;NepolnohospodarskaPoda-zastavanaplochaanadvorie(vm2);4495090;4382116;4387373;4392955;4389887;4401359;4420269;4438307;4418961;4433976;4403864;4575468;4614618;4593935;4601228;4620312;4631265;4651747;4684406;4702255;4718226;4728734;
;NepolnohospodarskaPoda-ostatnaplocha(vm2);2156378;2210428;2204669;2217169;2213954;2194737;2229698;2217628;2588394;2617184;2642823;3600975;4460801;4507899;4320736;4321895;4340835;4328180;4328469;4353411;5370443;5376680;
Bratislava-Ruzinov;Celkovavymerauzemiaobce-mesta(vm2);39700420;39700420;39700420;39700420;39700420;39700420;39700420;39700420;39700420;39700420;39700420;39700420;39700420;39700420;39700420;39700420;39700420;39700420;39700420;39700420;39700420;39700420;
;PolnohospodarskaPoda-spolu(vm2);10219378;10186529;10187247;10133569;10125940;10108901;9772062;9713344;9668675;9373168;9183591;9136260;8993968;8807030;8721797;8648784;8577084;8330071;8313813;8299784;8241653;8232734;
;PolnohospodarskaPoda-ornaPoda(vm2);6378795;6357316;6355330;6309466;6292562;6280208;5991706;5958575;5904193;5701567;5532984;5511539;5428364;5299380;5232532;5177520;5152753;4972522;4968448;4967868;4953813;4953865;
;PolnohospodarskaPoda-chmelnica(vm2);343;343;325;325;325;325;325;325;325;325;325;325;325;325;325;325;325;325;325;325;325;325;
;PolnohospodarskaPoda-vinica(vm2);129;129;129;129;129;129;129;129;129;129;129;129;129;129;129;129;129;129;129;129;129;129;
;PolnohospodarskaPoda-zahrada;2901619;2894047;2896769;2879001;2877325;2872427;2867372;2843833;2851474;2765959;2744548;2718824;2661234;2603289;2584642;2565399;2518466;2451684;2441165;2427716;2421121;2412150;
;PolnohospodarskaPoda-ovocnysad(vm2);554528;554528;554528;554528;554528;554528;554528;552716;552716;552716;553230;553230;553230;553230;553230;553230;553230;553230;553230;553230;553230;553230;
;PolnohospodarskaPoda-trvalytravnyporast(vm2);383964;380166;380166;390120;401071;401284;358002;357766;359838;352472;352375;352213;350686;350677;350939;352181;352181;352181;350516;350516;313035;313035;
;NepolnohospodarskaPoda-spolu;29481042;29513891;29513173;29566851;29574480;29591519;29928358;29987076;30031745;30327252;30516829;30564160;30706452;30893390;30978623;31051636;31123336;31370349;31386607;31400636;31458767;31467686;
;NepolnohospodarskaPoda-lesnypozemok(vm2);2346794;2348376;2348126;2347731;2376161;2347049;2366046;2366006;2365985;2354336;2346773;2346306;2346273;2346273;2346611;2346611;2346611;2346611;2346075;2345850;2345823;2291264;
;NepolnohospodarskaPoda-vodnaplocha(vm2);2507954;2505048;2502716;2505144;2505596;2502060;2475591;2476062;2473400;2544527;2556342;2563703;2560398;2560764;2548007;2547988;2548261;2549123;2551140;2550452;2550410;2609751;
;NepolnohospodarskaPoda-zastavanaplochaanadvorie(vm2);13777527;13855019;13909083;13956886;13998951;14087579;14279124;17037908;17247078;17743553;18039377;18161038;18350418;18615755;18678859;18700822;18860556;18954458;18999857;19083563;19149932;19164585;
;NepolnohospodarskaPoda-ostatnaplocha(vm2);10848767;10805448;10753248;10757090;10693772;10654831;10807597;8107100;7945282;7684836;7574337;7493113;7449363;7370598;7405146;7456215;7367908;7520157;7489535;7420771;7412602;7402086;
Bratislava-Vrakuna;Celkovavymerauzemiaobce-mesta(vm2);10296679;10296679;10296679;10296679;10296679;10296679;10296679;10296679;10296679;10296679;10296679;10296679;10296679;10296679;10296679;10296679;10296679;10296679;10296679;10296679;10296679;10296679;
;PolnohospodarskaPoda-spolu(vm2);6402727;6401888;6397878;6389991;6385501;6374712;6357841;6326164;6317365;5675401;5620758;5583909;5522627;5500903;5481939;5460735;5463310;5456583;5448175;5434135;5399302;5387390;
;PolnohospodarskaPoda-ornaPoda(vm2);5151220;5136793;5126914;5125352;5124189;5120938;5106352;5078771;5075256;4605656;4542658;4485415;4428019;4413985;4397336;4378402;4384384;4381448;4375468;4366559;4336637;4335273;
;PolnohospodarskaPoda-vinica(vm2);1064;1064;1064;1064;1064;1064;1064;1064;431;431;431;431;431;431;431;431;431;431;431;431;431;431;
;PolnohospodarskaPoda-zahrada;1076648;1090221;1096132;1089807;1086787;1081801;1079516;1075435;1070782;1053297;1061652;1082046;1078160;1070470;1068155;1065885;1062478;1058366;1055938;1050807;1045896;1035348;
;PolnohospodarskaPoda-ovocnysad(vm2);9249;9293;9251;9251;8944;6392;6392;6388;6390;6390;6390;6390;6390;6390;6390;6390;6390;6390;6390;6390;6390;6390;
;PolnohospodarskaPoda-trvalytravnyporast(vm2);164546;164517;164517;164517;164517;164517;164517;164506;164506;9627;9627;9627;9627;9627;9627;9627;9627;9948;9948;9948;9948;9948;
;NepolnohospodarskaPoda-spolu;3893952;3894791;3898801;3906688;3911178;3921967;3938838;3970515;3979314;4621278;4675921;4712770;4774052;4795776;4814740;4835944;4833369;4840096;4848504;4862544;4897377;4909289;
;NepolnohospodarskaPoda-lesnypozemok(vm2);73684;73684;73684;73684;73684;73684;73684;73579;73579;73579;73579;73579;73579;73579;73579;73579;73579;73579;73579;73579;73579;73579;
;NepolnohospodarskaPoda-vodnaplocha(vm2);263211;264284;264194;262033;254703;254833;260699;254598;254368;254371;254371;254371;254156;254045;254045;254031;253724;253724;253660;253660;253660;253225;
;NepolnohospodarskaPoda-zastavanaplochaanadvorie(vm2);1532877;1537742;1542021;1546028;1561844;1659376;1674716;2609207;2620540;3267668;3297831;3337016;3397306;3413895;3428096;3440903;3467452;3486526;3495716;3502650;3510098;3517555;
;NepolnohospodarskaPoda-ostatnaplocha(vm2);2024180;2019081;2018902;2024943;2020947;1934074;1929739;1033131;1030827;1025660;1050140;1047804;1049011;1054257;1059020;1067431;1038614;1026267;1025549;1032655;1060040;1064930;
Bratislava-NoveMesto;Celkovavymerauzemiaobce-mesta(vm2);37481484;37481484;37481484;37481484;37481484;37481484;37481484;37481484;37481484;37481484;37481484;37481484;37481484;37481484;37481484;37481484;37481484;37481484;37481484;37481484;37481484;37481484;
;PolnohospodarskaPoda-spolu(vm2);4495204;4495768;4489863;4485251;4474299;4465880;4455805;4438550;4391084;4366476;4263104;4233662;4079570;4043244;4006753;3993735;3978472;3919271;3896966;3879865;3862384;3847755;
;PolnohospodarskaPoda-ornaPoda(vm2);28116;54224;45528;45528;45528;45348;45348;44928;44928;44928;44928;44928;18820;18820;18820;18820;18820;18526;17882;17882;17882;17902;
;PolnohospodarskaPoda-vinica(vm2);2329444;2233670;2185821;2163731;2148742;2143145;2122565;2114593;2091331;2068435;2048329;2044948;1987571;1651873;1456865;1508016;1387461;1269607;1222334;1213809;1199437;1191934;
;PolnohospodarskaPoda-zahrada;1815306;1860769;1862426;1856162;1861036;1858649;1869708;1861658;1857853;1857717;1831179;1816297;1770515;1795411;1814179;1821383;1844873;1859561;1856243;1845742;1843836;1836412;
;PolnohospodarskaPoda-trvalytravnyporast(vm2);322338;347105;396088;419830;418993;418738;418184;417371;396972;395396;338668;327489;302664;577140;716889;645516;727318;771577;800507;802432;801229;801507;
;NepolnohospodarskaPoda-spolu;32986280;32985716;32991621;32996233;33007185;33015604;33025679;33042934;33090400;33115008;33218380;33247822;33401914;33438240;33474731;33487749;33503012;33562213;33584518;33601619;33619100;33633729;
;NepolnohospodarskaPoda-lesnypozemok(vm2);20789333;20789131;20788961;20788953;20785173;20785120;20784458;20869477;20864801;20857076;20851125;20853826;20840150;20840168;20840168;20836429;20840168;20801228;20838906;20838906;20838906;20809806;
;NepolnohospodarskaPoda-vodnaplocha(vm2);190066;190066;190066;189796;189796;189796;189632;188522;190920;192522;192522;192841;192681;192944;192944;192706;192706;192706;192706;192719;192719;192719;
;NepolnohospodarskaPoda-zastavanaplochaanadvorie(vm2);7710957;7634889;7650072;7665788;7686199;8083093;8029494;8124684;8223632;8260536;8314652;8351472;8466529;8504720;8549279;8566611;8546679;8550695;8569530;8624056;8665662;8694371;
;NepolnohospodarskaPoda-ostatnaplocha(vm2);4295924;4371630;4362522;4351696;4346017;3957595;4022095;3860251;3811047;3804874;3860081;3849683;3902554;3900408;3892340;3892003;3923459;4017584;3983376;3945938;3921813;3936833;
Bratislava-Raca;Celkovavymerauzemiaobce-mesta(vm2);23596908;23596908;23596908;23596908;23596908;23659304;23659304;23659304;23659304;23659304;23659304;23659304;23659304;23659304;23659304;23659304;23659304;23659304;23659304;23659304;23659304;23659304;
;PolnohospodarskaPoda-spolu(vm2);7555269;7548619;7530835;7560713;7554448;7613715;7602063;7595646;7703789;7694998;7666036;7658019;7585722;7581001;7568303;7541111;7471847;7438832;7420825;7379599;7371135;7364868;
;PolnohospodarskaPoda-ornaPoda(vm2);2553829;2188090;2177784;2162811;2161808;2202773;2204621;2204614;2526285;2504079;2360240;2360314;2339231;2336227;2330495;2329813;2325034;2314075;2310204;2301371;2301205;2360075;
;PolnohospodarskaPoda-vinica(vm2);3096274;3093403;3060215;3058064;3051278;3049922;3047488;3026247;2958280;2936151;2923988;2908936;2871391;2868663;2660857;2640788;2582876;2518804;2467723;2462483;2459080;2396317;
;PolnohospodarskaPoda-zahrada;1471474;1476283;1480015;1533029;1533948;1531629;1524031;1558174;1537981;1559953;1686431;1694335;1695744;1692810;1700072;1695375;1680293;1678906;1675975;1680500;1675433;1673518;
;PolnohospodarskaPoda-ovocnysad(vm2);182106;539575;539557;539579;540254;540075;539245;537854;97482;88680;83258;81248;68319;68244;67545;67566;59192;59192;59192;59192;59192;59032;
;PolnohospodarskaPoda-trvalytravnyporast(vm2);251586;251268;273264;267230;267160;289316;286678;268757;583761;606135;612119;613186;611037;615057;809334;807569;824452;867855;907731;876053;876225;875926;
;NepolnohospodarskaPoda-spolu;16041639;16048289;16066073;16036195;16042460;16045589;16057241;16063658;15955515;15964306;15993268;16001285;16073582;16078303;16091001;16118193;16187457;16220472;16238479;16279705;16288169;16294436;
;NepolnohospodarskaPoda-lesnypozemok(vm2);9201659;9202566;9178314;9178047;9177748;9176601;9176382;9176382;9168042;9166270;9166237;9165865;9165827;9164062;9164126;9153589;9153419;9152898;9152898;9150922;9150942;9150942;
;NepolnohospodarskaPoda-vodnaplocha(vm2);269153;268347;268009;268383;268773;268622;268119;273399;261887;261271;261259;261295;261095;261056;261326;261326;257432;257203;257203;257203;256161;256161;
;NepolnohospodarskaPoda-zastavanaplochaanadvorie(vm2);3385700;3363395;3326397;3341695;3344134;3293209;3771831;3782733;3883263;3924365;3994259;4072114;4116082;4208655;4283284;4298630;4320716;4351320;4365575;4382452;4411577;4463204;
;NepolnohospodarskaPoda-ostatnaplocha(vm2);3185127;3213981;3293353;3248070;3251805;3307157;2840909;2831144;2642323;2612400;2571513;2502011;2530578;2444530;2382265;2404648;2455890;2459051;2462803;2489128;2469489;2424129;
Bratislava-Vajnory;Celkovavymerauzemiaobce-mesta(vm2);13533846;13533846;13533846;13533846;13534244;13534244;13534244;13534244;13534244;13534244;13534244;13534087;13534087;13534087;13534087;13534087;13534087;13534087;13534087;13534087;13534087;13534087;
;PolnohospodarskaPoda-spolu(vm2);6824219;6810360;6801735;6797118;6719331;6717403;6681782;6675486;6664710;6629623;6525572;6486138;6381395;6371712;6201423;6181558;6179107;6174446;6161476;6132225;6126899;5944683;
;PolnohospodarskaPoda-ornaPoda(vm2);4367279;4356509;4348707;4348208;4272556;4265350;4233287;4224622;4213680;4176136;4074036;4033823;3932524;3924598;3751661;3734160;3731203;3726222;3714505;3687398;3683364;3566957;
;PolnohospodarskaPoda-vinica(vm2);1255974;1257030;1257060;1253492;1251541;1251620;1251620;1251621;1251621;1251651;1251651;1251651;1251717;1251693;1251734;1251734;1251734;1251734;1251734;1251734;1251712;1188099;
;PolnohospodarskaPoda-zahrada;760502;756357;755511;755081;754375;753831;752962;752071;752237;754272;754700;755736;754402;753127;755734;753370;753876;754267;753014;751331;750061;749471;
;PolnohospodarskaPoda-ovocnysad(vm2);294366;294366;294366;294366;294079;294079;294079;294079;294079;294079;291701;291701;291701;291701;291701;291701;291701;291401;291401;291401;291401;291401;
;PolnohospodarskaPoda-trvalytravnyporast(vm2);146098;146098;146091;145971;146780;152523;149834;153093;153093;153485;153484;153227;151051;150593;150593;150593;150593;150822;150822;150361;150361;148755;
;NepolnohospodarskaPoda-spolu;6709627;6723486;6732111;6736728;6814913;6816841;6852462;6858758;6869534;6904621;7008672;7047949;7152692;7162375;7332664;7352529;7354980;7359641;7372611;7401862;7407188;7589404;
;NepolnohospodarskaPoda-lesnypozemok(vm2);1620435;1620435;1620435;1620471;1620490;1620488;1620488;1620318;1620318;1620318;1620318;1620318;1620318;1620318;1620318;1620318;1620318;1620318;1620250;1620318;1620319;1620319;
;NepolnohospodarskaPoda-vodnaplocha(vm2);507050;505835;505929;504147;506738;506235;506235;506083;503767;504039;504039;503888;503616;503616;503616;510731;510731;510731;510901;510901;510901;510901;
;NepolnohospodarskaPoda-zastavanaplochaanadvorie(vm2);2567930;2568068;2635056;2643671;2740656;2999306;3184854;3072074;3212869;3502399;3693351;3701396;3801758;3811827;3894677;3907402;3914069;3922872;3929552;3931342;3941435;3946451;
;NepolnohospodarskaPoda-ostatnaplocha(vm2);2014212;2029148;1970691;1968439;1947029;1690812;1540885;1660283;1532580;1277865;1190964;1222347;1227000;1226614;1314053;1314078;1309862;1305720;1311908;1339301;1334533;1511733;
Bratislava-Devin;Celkovavymerauzemiaobce-mesta(vm2);13964197;13964197;13964197;13964197;13964197;13964197;13964197;13964197;13964197;13964197;13964197;13964197;13979475;13979563;13979563;13979563;14007658;14007658;14007658;14007658;14007658;14007658;
;PolnohospodarskaPoda-spolu(vm2);2758231;2757651;2767858;2759359;2760991;2760373;2759640;2756354;2753079;2752529;2702865;2701564;2677110;2674952;2666812;2662940;2660639;2623516;2620375;2612093;2609589;2595204;
;PolnohospodarskaPoda-ornaPoda(vm2);471538;471180;467572;463604;466979;466908;444131;444131;458145;458145;455862;455454;455454;455454;455454;455454;453023;448192;448146;442154;441310;441310;
;PolnohospodarskaPoda-chmelnica(vm2);0;0;23;23;23;0;0;0;0;0;0;0;0;0;0;0;0;0;0;0;0;0;
;PolnohospodarskaPoda-vinica(vm2);843263;843263;847198;842628;843812;840993;876804;876755;861136;861136;813948;813948;795918;795918;793528;778977;779971;747442;672686;668813;668813;668508;
;PolnohospodarskaPoda-zahrada;858782;858560;857520;857555;856683;858774;857636;854903;856578;856028;855835;856182;852026;849868;842964;853679;852818;849720;848846;856441;854916;852788;
;PolnohospodarskaPoda-ovocnysad(vm2);249380;249380;249380;249380;242851;241351;242577;242577;242577;242175;239140;238275;238275;238275;239283;239283;239283;239220;239220;239220;239220;239220;
;PolnohospodarskaPoda-trvalytravnyporast(vm2);335268;335268;346165;346169;350643;352347;338492;337988;334643;335045;338080;337705;335437;335437;335583;335547;335544;338942;411477;405465;405330;393378;
;NepolnohospodarskaPoda-spolu;11205966;11206546;11196339;11204838;11203206;11203824;11204557;11207843;11211118;11211668;11261332;11262633;11302365;11304611;11312751;11316623;11347019;11384142;11387283;11395565;11398069;11412454;
;NepolnohospodarskaPoda-lesnypozemok(vm2);8207563;8207719;8206822;8205220;8203775;8193167;8193167;8193065;8193065;8193065;8193065;8193065;8193065;8192956;8192956;8192956;8192956;8192794;8192794;8192794;8192794;8192794;
;NepolnohospodarskaPoda-vodnaplocha(vm2);834541;834541;834541;834541;834541;834405;834405;834405;834405;834405;834405;834405;849683;849683;849687;849687;877782;877782;877782;877782;877782;877781;
;NepolnohospodarskaPoda-zastavanaplochaanadvorie(vm2);539832;501175;502354;513484;515090;516243;520428;515201;517110;518521;521752;522897;525419;540229;542547;545221;548927;556439;564392;592176;601624;605954;
;NepolnohospodarskaPoda-ostatnaplocha(vm2);1624030;1663111;1652622;1651593;1649800;1660009;1656557;1665172;1666538;1665677;1712110;1712266;1734198;1721743;1727561;1728759;1727354;1757127;1752315;1732813;1725869;1735925;
Bratislava-DevinskaNovaVes;Celkovavymerauzemiaobce-mesta(vm2);24227754;24227754;24227754;24227754;24224535;24224535;24224535;24224535;24224535;24224535;24224535;24224535;24217253;24217253;24217253;24217253;24217253;24217253;24217253;24217253;24217253;24217253;
;PolnohospodarskaPoda-spolu(vm2);13221825;13227779;13297633;13168353;13165980;13096944;13094053;13070932;12974161;13082941;13070161;13067472;13024181;12995924;12970449;12751172;12552847;12501109;12467960;12402636;12240503;12206915;
;PolnohospodarskaPoda-ornaPoda(vm2);10561583;10565343;10632034;10375451;10374818;10346737;10346266;10321909;8170586;7379628;7359482;7360560;7267202;7258135;7272042;7045159;6854971;6804814;6792254;6734309;6539784;6510522;
;PolnohospodarskaPoda-vinica(vm2);96033;95786;95810;95235;95235;95151;95151;94940;94940;94915;89938;89707;88809;82397;81668;79946;79946;79152;75488;69760;69127;68492;
;PolnohospodarskaPoda-zahrada;1017791;1019417;1015550;1144194;1142524;1096944;1092861;1094351;1093680;1028364;1039811;1031659;1092325;1080462;1083309;1092619;1085923;1085232;1068177;1067020;1063149;1059828;
;PolnohospodarskaPoda-ovocnysad(vm2);0;0;0;0;0;0;0;0;0;0;0;1947;1947;1947;1947;1947;1947;1947;1947;1947;1947;1947;
;PolnohospodarskaPoda-trvalytravnyporast(vm2);1546418;1547233;1554239;1553473;1553403;1558112;1559775;1559732;3614955;4580034;4580930;4583599;4573898;4572983;4531483;4531501;4530060;4529964;4530094;4529600;4566496;4566126;
;NepolnohospodarskaPoda-spolu;11005929;10999975;10930121;11059401;11058555;11127591;11130482;11153603;11250374;11141594;11154374;11157063;11193072;11221329;11246804;11466081;11664406;11716144;11749293;11814617;11976750;12010338;
;NepolnohospodarskaPoda-lesnypozemok(vm2);3089786;3089786;3089961;3089961;3086742;3086800;3086800;3086800;3086800;3086800;3086800;3086800;3086758;3086758;3075199;3075199;3075199;3075199;3075199;3075199;3078195;3078195;
;NepolnohospodarskaPoda-vodnaplocha(vm2);878126;877748;877748;877853;877853;877853;877827;877827;877827;877827;877140;877132;869802;869802;868387;868387;866576;865088;865076;869589;869589;869589;
;NepolnohospodarskaPoda-zastavanaplochaanadvorie(vm2);4568573;3828104;3280750;3242430;3244964;3324512;3336492;3740608;3869953;3896607;3893786;4185914;4209893;4210072;4212994;4241580;4255404;4326000;4386765;4557123;4569070;4620829;
;NepolnohospodarskaPoda-ostatnaplocha(vm2);2469444;3204337;3681662;3849157;3848996;3838426;3829363;3448368;3415794;3280360;3296648;3007217;3026619;3054697;3090224;3280915;3467227;3449857;3422253;3312706;3459896;3441725;
Bratislava-Dubravka;Celkovavymerauzemiaobce-mesta(vm2);8625880;8625880;8648836;8648836;8648836;8648836;8648836;8648836;8648836;8648836;8648836;8648836;8648836;8648836;8648836;8648836;8648836;8648836;8648836;8648836;8648836;8648836;
;PolnohospodarskaPoda-spolu(vm2);2734751;2734716;2741170;2736784;2729825;2723533;2715557;2758711;2754092;2746930;2720129;2712031;2662266;2655185;2630479;2621649;2580520;2573749;2549600;2533718;2514794;2500583;
;PolnohospodarskaPoda-ornaPoda(vm2);1333304;1331744;1331674;1324803;1317479;1316567;1312957;1311162;1308433;1308322;1305915;1291478;1273710;1270655;1263706;1262669;1212320;1209551;1191050;1177128;1164832;1163651;
;PolnohospodarskaPoda-chmelnica(vm2);0;0;0;0;0;0;14;14;14;14;0;0;0;0;0;0;0;0;0;0;0;0;
;PolnohospodarskaPoda-vinica(vm2);58868;59073;61884;61864;61393;61241;61199;60869;60610;60783;60566;59791;55605;55605;54520;53335;53335;51445;44836;38364;38364;37487;
;PolnohospodarskaPoda-zahrada;1179621;1177712;1181298;1184181;1185125;1209026;1205867;1226239;1223444;1212520;1210653;1219227;1192120;1188423;1171610;1164761;1167986;1165242;1166413;1169847;1163219;1151066;
;PolnohospodarskaPoda-ovocnysad(vm2);0;0;0;0;0;0;0;2987;3347;3627;3627;3627;3627;3627;3627;3627;3627;3627;3627;3627;3627;3627;
;PolnohospodarskaPoda-trvalytravnyporast(vm2);162958;166187;166314;165936;165828;136699;135520;157440;158244;161664;139368;137908;137204;136875;137016;137257;143252;143884;143674;144752;144752;144752;
;NepolnohospodarskaPoda-spolu;5891129;5891164;5907666;5912052;5919011;5925303;5933279;5890125;5894744;5901906;5928707;5936805;5986570;5993651;6018357;6027187;6068316;6075087;6099236;6115118;6134042;6148253;
;NepolnohospodarskaPoda-lesnypozemok(vm2);1925478;1925284;1944126;1944160;1944160;1943285;1942967;1942967;1940804;1940804;1940804;1940803;1940803;1940803;1940803;1940803;1940803;1937525;1937351;1936235;1936203;1936203;
;NepolnohospodarskaPoda-vodnaplocha(vm2);14704;14704;14353;14353;14323;14323;14323;14323;14323;14323;14323;14323;14323;14279;14279;14279;14279;14279;14279;14279;14279;14279;
;NepolnohospodarskaPoda-zastavanaplochaanadvorie(vm2);2551660;2543965;2539619;2555539;2556395;2560960;2586132;2580403;2606955;2623864;2686967;2701184;2710984;2723095;2732007;2738285;2744337;2763055;2774218;2792691;2804022;2821914;
;NepolnohospodarskaPoda-ostatnaplocha(vm2);1399287;1407211;1409568;1398000;1404133;1406735;1389857;1352432;1332662;1322915;1286613;1280495;1320460;1315474;1331268;1333820;1368897;1360228;1373388;1371913;1379538;1375857;
Bratislava-KarlovaVes;Celkovavymerauzemiaobce-mesta(vm2);10947874;10947874;10947874;10947874;10947874;10947874;10947874;10947874;10947874;10947874;10947874;10947874;11016416;11016416;11016416;11016416;10951046;10951096;10951096;10951096;10951096;10951096;
;PolnohospodarskaPoda-spolu(vm2);1240667;1238150;1204931;1199845;1191596;1163556;1147782;1137874;1116862;1099439;1063793;1037224;1026086;1015884;1003741;992626;989812;985789;980624;979665;978650;977171;
;PolnohospodarskaPoda-ornaPoda(vm2);153085;153049;153049;153115;151597;150824;150585;150231;149368;145209;143743;143751;143751;143751;139096;136525;136525;136556;136281;136281;136281;136281;
;PolnohospodarskaPoda-chmelnica(vm2);0;0;0;0;405;424;413;413;0;0;0;0;0;0;0;0;0;0;0;0;0;0;
;PolnohospodarskaPoda-vinica(vm2);312928;306508;247508;244281;243196;240565;237106;236293;230846;224329;207029;191535;190385;188294;185950;179211;177152;160864;158853;155967;155465;153936;
;PolnohospodarskaPoda-zahrada;669199;668601;671823;672918;667997;659962;648328;639899;626970;620396;611714;601916;592203;585242;579706;575368;574634;578658;578328;579382;578876;578926;
;PolnohospodarskaPoda-ovocnysad(vm2);30532;30532;30513;28565;28565;28548;28548;28531;28492;28469;28469;28365;28365;28365;28365;28365;28344;28569;28553;28553;28553;28553;
;PolnohospodarskaPoda-trvalytravnyporast(vm2);74923;79460;102038;100966;99836;83233;82802;82507;81186;81036;72838;71657;71382;70232;70624;73157;73157;81142;78609;79482;79475;79475;
;NepolnohospodarskaPoda-spolu;9707207;9709724;9742943;9748029;9756278;9784318;9800092;9810000;9831012;9848435;9884081;9910650;9990330;10000532;10012675;10023790;9961234;9965307;9970472;9971431;9972446;9973925;
;NepolnohospodarskaPoda-lesnypozemok(vm2);2638434;2373136;2371626;2371163;2371163;2367841;2367762;2367762;2367674;2367626;2367273;2367273;2367223;2367223;2367223;2367223;2367223;2367223;2367223;2367219;2367219;2367219;
;NepolnohospodarskaPoda-vodnaplocha(vm2);1237453;1232322;1207875;1206959;1206137;1203991;1196490;1196490;1196490;1196490;1196490;1196490;1263757;1265240;1266350;1266350;1200980;1200998;1200998;1200998;1200998;1200998;
;NepolnohospodarskaPoda-zastavanaplochaanadvorie(vm2);2813646;2832342;2852451;2854653;2839391;2820742;2948634;2955038;2972203;3003751;3041886;3057854;3121995;3184017;3198890;3225701;3250078;3275687;3286548;3291601;3302920;3307283;
;NepolnohospodarskaPoda-ostatnaplocha(vm2);3017674;3271924;3310991;3315254;3339587;3391744;3287206;3290710;3294645;3280568;3278432;3289033;3237355;3184052;3180212;3164516;3142953;3121399;3115703;3111613;3101309;3098425;
Bratislava-Lamac;Celkovavymerauzemiaobce-mesta(vm2);6543201;6543201;6543201;6543201;6542373;6542373;6542373;6542373;6542373;6542373;6542373;6542373;6542373;6542373;6542373;6542373;6542373;6542373;6542373;6542373;6542373;6542373;
;PolnohospodarskaPoda-spolu(vm2);3066343;3065766;2941221;2839038;2836789;2831600;2814801;2810389;2801734;2769354;2757835;2758836;2754587;2563128;2513109;2499131;2506833;2499323;2472213;2468652;2430335;2428204;
;PolnohospodarskaPoda-ornaPoda(vm2);1882588;1882588;1882591;1881995;1881564;1880973;1865102;1863990;1861348;1825597;1818306;1819075;1815449;1626461;1577656;1565566;1549866;1543744;1516935;1515582;1478551;1477435;
;PolnohospodarskaPoda-chmelnica(vm2);0;0;0;76;76;0;0;0;0;0;0;0;0;0;0;0;0;0;0;0;0;0;
;PolnohospodarskaPoda-vinica(vm2);166684;165116;162725;162442;161382;161364;161130;161090;160710;161446;161446;161451;161467;160548;161032;161032;159673;159673;159673;159646;159586;159585;
;PolnohospodarskaPoda-zahrada;1005782;1006773;881136;779949;779815;775107;775069;771996;768672;763796;754206;753179;749911;748359;746661;744773;768874;767486;766717;764536;763532;762518;
;PolnohospodarskaPoda-ovocnysad(vm2);2528;2528;2528;2528;1904;1904;1904;1904;1904;0;0;0;0;0;0;0;0;0;0;0;0;0;
;PolnohospodarskaPoda-trvalytravnyporast(vm2);8761;8761;12241;12048;12048;12252;11596;11409;9100;18515;23877;25131;27760;27760;27760;27760;28420;28420;28888;28888;28666;28666;
;NepolnohospodarskaPoda-spolu;3476858;3477435;3601980;3704163;3705584;3710773;3727572;3731984;3740639;3773019;3784538;3783537;3787786;3979245;4029264;4043242;4035540;4043050;4070160;4073721;4112038;4114169;
;NepolnohospodarskaPoda-lesnypozemok(vm2);1457234;1457234;1457334;1457334;1456992;1456992;1456992;1457345;1457345;1457145;1457145;1457167;1457114;1457262;1457262;1457282;1457282;1457282;1457282;1457282;1457282;1456155;
;NepolnohospodarskaPoda-vodnaplocha(vm2);46480;46480;46480;46480;46480;46480;46450;46450;46450;46450;46450;46450;46450;46450;46450;46450;46450;46450;46320;46291;46138;46138;
;NepolnohospodarskaPoda-zastavanaplochaanadvorie(vm2);698161;701068;700658;701893;702827;705479;811914;816983;859229;982996;987493;1003966;1014252;1015781;1031929;1068017;1058079;1060965;1122248;1220588;1234647;1256623;
;NepolnohospodarskaPoda-ostatnaplocha(vm2);1274983;1272653;1397508;1498456;1499285;1501822;1412216;1411206;1377615;1286428;1293450;1275954;1269970;1459752;1493623;1471493;1473729;1478353;1444310;1349560;1373971;1355253;
Bratislava-ZahorskaBystrica;Celkovavymerauzemiaobce-mesta(vm2);32292322;32292322;32292322;32292322;32297810;32297811;32297811;32297811;32297811;32297811;32297811;32297811;32297811;32297811;32297811;32297811;32297811;32297811;32297811;32297811;32297811;32297811;
;PolnohospodarskaPoda-spolu(vm2);14552417;14551896;14542720;14538288;14398159;14441566;14418008;14408281;14400011;14387856;14377032;14360431;14257450;13936248;13837140;13527401;13761560;13706703;13641168;13574173;13534973;13471494;
;PolnohospodarskaPoda-ornaPoda(vm2);12270226;12270292;12254335;12253256;12069386;12102373;12080939;12063039;11900118;11885479;11871810;11859948;11729370;11416464;11323191;11050858;11285976;11242578;11203509;11177610;11155976;11130129;
;PolnohospodarskaPoda-vinica(vm2);41821;41816;41206;40651;36873;36512;35869;34046;32274;32276;30602;30604;30659;30506;27880;27475;26837;26021;25229;25229;25229;25229;
;PolnohospodarskaPoda-zahrada;1173327;1173309;1185032;1182841;1267039;1277884;1276403;1291830;1298749;1309570;1324851;1331864;1362399;1362574;1489336;1570083;1583422;1586498;1567532;1529678;1512112;1474712;
;PolnohospodarskaPoda-ovocnysad(vm2);882164;882164;882164;882164;885076;885076;885076;878793;876387;867779;860818;854437;851270;849915;713278;595529;581776;567371;560663;557377;557377;557145;
;PolnohospodarskaPoda-trvalytravnyporast(vm2);184879;184315;179983;179376;139785;139721;139721;140573;292483;292752;288951;283578;283752;276789;283455;283456;283549;284235;284235;284279;284279;284279;
;NepolnohospodarskaPoda-spolu;17739905;17740426;17749602;17754034;17899651;17856245;17879803;17889530;17897800;17909955;17920779;17937380;18040361;18361563;18460671;18770410;18536251;18591108;18656643;18723638;18762838;18826317;
;NepolnohospodarskaPoda-lesnypozemok(vm2);15184744;15185122;15189901;15188180;15189053;15177057;15172891;15143661;15109635;15097176;15086770;15085727;15058776;15057615;15057615;15057615;15056673;15056373;15056373;15056323;15055745;15055745;
;NepolnohospodarskaPoda-vodnaplocha(vm2);399536;399506;399506;399072;354192;354057;354089;354070;353183;351310;351310;351310;351310;349503;349503;349266;348555;348373;348184;348184;348184;348184;
;NepolnohospodarskaPoda-zastavanaplochaanadvorie(vm2);1630988;1629476;1633959;1637836;1740938;1698683;1705204;1715442;1714618;1729308;1736281;1744776;1837584;1845393;1904905;2172245;1938365;1979830;2012666;2043874;2089789;2116678;
;NepolnohospodarskaPoda-ostatnaplocha(vm2);524637;526322;526236;528946;615468;626448;647619;676357;720364;732161;746418;755567;792691;1109052;1148648;1191284;1192658;1206532;1239420;1275257;1269120;1305710;
Bratislava-cunovo;Celkovavymerauzemiaobce-mesta(vm2);18622718;18622718;18622718;18622718;18622718;18622718;18622718;18622718;18622718;18622718;18622718;18622718;18622718;18622718;18622718;18622718;18626272;18626272;18626272;18626272;18626272;18626272;
;PolnohospodarskaPoda-spolu(vm2);8725171;8726681;8726798;8726798;8727406;8727466;8718970;8717499;8614296;8613668;8613084;8556925;8551137;8547675;8519130;8433361;8428553;8008095;8006942;7989486;7987244;7981764;
;PolnohospodarskaPoda-ornaPoda(vm2);7609948;7782133;7507416;7462502;7553939;7706300;7697924;7696764;7594041;7556747;8165954;8075603;8070887;8070682;8038704;7884976;7868632;7535084;7534654;7517764;7516239;7508357;
;PolnohospodarskaPoda-vinica(vm2);1023;691;691;691;691;691;691;691;691;691;691;691;691;691;691;691;691;691;691;691;691;678;
;PolnohospodarskaPoda-zahrada;544328;373396;393413;433045;342216;279963;279843;279532;279052;315718;332398;366590;365573;362318;365751;368062;367814;375586;374863;374297;373580;375995;
;PolnohospodarskaPoda-ovocnysad(vm2);455673;455673;711237;716519;716519;626471;626471;626471;626471;626471;0;0;0;0;0;0;0;0;0;0;0;0;
;PolnohospodarskaPoda-trvalytravnyporast(vm2);114199;114788;114041;114041;114041;114041;114041;114041;114041;114041;114041;114041;113986;113984;113984;179632;191416;96734;96734;96734;96734;96734;
;NepolnohospodarskaPoda-spolu;9897547;9896037;9895920;9895920;9895312;9895252;9903748;9905219;10008422;10009050;10009634;10065793;10071581;10075043;10103588;10189357;10197719;10618177;10619330;10636786;10639028;10644508;
;NepolnohospodarskaPoda-lesnypozemok(vm2);1542431;1542431;1542431;1542431;1542431;1552602;1552602;1552602;1552602;1552602;1552602;1552602;1548696;1548696;1548696;1548696;1546083;1502987;1502987;1502987;1502987;1502987;
;NepolnohospodarskaPoda-vodnaplocha(vm2);1156343;1155039;1156662;1155191;1155191;1155191;1155191;1155191;1140922;1140922;1137880;4585582;4553893;4553893;4553893;4553893;4571947;4561771;4561771;4539085;4532223;4532223;
;NepolnohospodarskaPoda-zastavanaplochaanadvorie(vm2);602390;603601;609830;653824;671372;666869;676093;677605;795077;796571;800738;1030930;1072358;1035364;1045004;1049030;1089005;1247102;1255542;1267786;1278803;1282234;
;NepolnohospodarskaPoda-ostatnaplocha(vm2);6596383;6594966;6586997;6544474;6526318;6520590;6519862;6519821;6519821;6518955;6518414;2896679;2896634;2937090;2955995;3037738;2990684;3306317;3299030;3326928;3325015;3327064;
Bratislava-Jarovce;Celkovavymerauzemiaobce-mesta(vm2);21342442;21342442;21342442;21342442;21342442;21342442;21342442;21342442;21342442;21342442;21342442;21342442;21342442;21342442;21342442;21342442;21342442;21342442;21342442;21342442;21342442;21342442;
;PolnohospodarskaPoda-spolu(vm2);15978462;15977736;15868305;15867031;15867899;15866945;15865200;15864259;15661083;15657175;15654763;15343884;15267257;15264606;15236692;15224292;15005521;15166307;15161836;15059828;15055679;14833399;
;PolnohospodarskaPoda-ornaPoda(vm2);14920297;14921667;14811224;14809921;14807642;14807815;14807278;14807094;14603735;14655438;14787215;14471541;14406829;14405490;14376491;14363542;14143921;14139954;14135122;14077617;14074241;13851166;
;PolnohospodarskaPoda-chmelnica(vm2);0;0;0;0;0;0;0;0;0;0;0;193;0;0;0;0;0;0;0;0;0;0;
;PolnohospodarskaPoda-vinica(vm2);421;421;421;421;421;421;421;421;421;421;421;421;421;421;421;421;421;421;421;421;421;421;
;PolnohospodarskaPoda-zahrada;285654;283558;284555;284584;287731;286604;285396;284639;284822;229211;228096;232698;231342;230030;231115;231664;232514;232155;232516;225117;224344;225239;
;PolnohospodarskaPoda-ovocnysad(vm2);722211;722211;722226;722226;722226;722226;722226;722226;722226;722226;589152;589152;578786;578786;578786;578786;578786;578786;578786;578786;578786;578786;
;PolnohospodarskaPoda-trvalytravnyporast(vm2);49879;49879;49879;49879;49879;49879;49879;49879;49879;49879;49879;49879;49879;49879;49879;49879;49879;214991;214991;177887;177887;177787;
;NepolnohospodarskaPoda-spolu;5363980;5364706;5474137;5475411;5474543;5475497;5477242;5478183;5681359;5685267;5687679;5998558;6075185;6077836;6105750;6118150;6336921;6176135;6180606;6282614;6286763;6509043;
;NepolnohospodarskaPoda-lesnypozemok(vm2);973985;973983;973983;973983;973983;973983;973983;973983;973983;973983;974426;974426;974427;974427;973268;973268;973268;973268;973268;973268;973268;973268;
;NepolnohospodarskaPoda-vodnaplocha(vm2);417140;417140;417140;417140;417140;417140;417140;417140;417140;417140;417140;417140;417140;417140;1151344;1151344;1151344;1151344;1151344;1151344;1151344;1151344;
;NepolnohospodarskaPoda-zastavanaplochaanadvorie(vm2);756519;756523;859109;859246;859585;861591;864200;877809;897210;900345;898381;1238566;1314691;1321689;1410259;1425641;1430320;1434383;1438164;1436637;1439392;1461031;
;NepolnohospodarskaPoda-ostatnaplocha(vm2);3216336;3217060;3223905;3225042;3223835;3222783;3221919;3209251;3393026;3393799;3397732;3368426;3368927;3364580;2570879;2567897;2781989;2617140;2617830;2721365;2722759;2923400;
Bratislava-Petrzalka;Celkovavymerauzemiaobce-mesta(vm2);28680104;28680104;28680104;28680104;28680104;28680104;28680104;28680104;28680104;28680104;28680104;28680104;28680104;28680104;28680104;28680104;28680104;28680104;28680104;28680104;28680104;28680104;
;PolnohospodarskaPoda-spolu(vm2);6102038;6072274;6081133;6007101;6318316;6194705;6185954;6178299;6177473;6161100;6095378;6088491;5641925;5518641;5501454;5490368;5115909;5115737;5027260;5019690;5013205;5012050;
;PolnohospodarskaPoda-ornaPoda(vm2);5261629;5233751;5247710;5173482;5484562;5359027;5351253;5344110;5344110;5328312;5262694;5257221;4812810;4689911;4672900;4662419;4288278;4288271;4230327;4222987;4216750;4216750;
;PolnohospodarskaPoda-vinica(vm2);0;0;0;0;0;566;566;566;566;566;566;566;566;566;566;566;566;566;566;566;566;566;
;PolnohospodarskaPoda-zahrada;233896;233759;233421;233617;233752;235969;234992;234480;233654;233079;232975;231548;231168;230783;230607;230002;229684;229519;229423;229193;228945;227790;
;PolnohospodarskaPoda-ovocnysad(vm2);327928;327664;327664;327664;327664;327664;327664;327664;327664;327664;327664;327664;327664;327664;327664;327664;327664;327664;327628;327628;327628;327628;
;PolnohospodarskaPoda-trvalytravnyporast(vm2);278585;277100;272338;272338;272338;271479;271479;271479;271479;271479;271479;271492;269717;269717;269717;269717;269717;269717;239316;239316;239316;239316;
;NepolnohospodarskaPoda-spolu;22578066;22607830;22598971;22673003;22361788;22485399;22494150;22501805;22502631;22519004;22584726;22591613;23038179;23161463;23178650;23189736;23564195;23564367;23652844;23660414;23666899;23668054;
;NepolnohospodarskaPoda-lesnypozemok(vm2);2786176;2772118;2772139;2772139;2772026;2771993;2771993;2771993;2771993;2771993;2771993;2772101;2771664;2771666;2771666;2771666;2771666;2771666;2771666;2771666;2771666;2771666;
;NepolnohospodarskaPoda-vodnaplocha(vm2);2361090;2351578;2351538;2350989;2072324;2072394;2072800;2072738;2072768;2072719;2072765;2072138;2065714;2065409;2065409;2065389;2065684;2065684;2065850;2065926;2065926;2065926;
;NepolnohospodarskaPoda-zastavanaplochaanadvorie(vm2);6826590;6868867;6876601;6876298;7088403;7352963;7425855;7447422;7492609;7480408;7504252;7689905;7966049;8024883;8047977;8086011;8109456;8155558;8193249;8179045;8234258;8347852;
;NepolnohospodarskaPoda-ostatnaplocha(vm2);10604210;10615267;10598693;10673577;10429035;10288049;10223502;10209652;10165261;10193884;10235716;10057469;10234752;10299505;10293598;10266670;10617389;10571459;10622079;10643777;10595049;10482610;
Bratislava-Rusovce;Celkovavymerauzemiaobce-mesta(vm2);25558261;25558261;25558261;25558261;25558261;25558261;25558261;25558261;25558261;25558261;25558261;25558261;25558261;25558261;25558261;25558261;25558261;25558261;25558261;25558261;25558261;25558261;
;PolnohospodarskaPoda-spolu(vm2);18293881;18158577;18194523;18141745;18132780;18118571;18113396;18092297;18237226;18209070;18197561;18193359;18133481;18086202;18068879;18059459;18057776;18049723;18043948;18035517;18030204;18024933;
;PolnohospodarskaPoda-ornaPoda(vm2);17691708;17573739;17644882;17594750;17554129;17539985;17500072;17498483;17491688;17460057;17444831;17437628;17394298;17348026;17331571;17321613;17317241;17313420;17308863;17300606;17295005;17290477;
;PolnohospodarskaPoda-vinica(vm2);927;927;927;187;187;187;187;187;187;187;187;187;187;0;0;0;0;0;0;0;0;0;
;PolnohospodarskaPoda-zahrada;368729;351394;316197;314291;345947;345882;382883;380580;382566;386041;389758;392759;393058;392238;391370;391908;394597;394319;393101;392927;393215;392472;
;PolnohospodarskaPoda-trvalytravnyporast(vm2);232517;232517;232517;232517;232517;232517;230254;213047;362785;362785;362785;362785;345938;345938;345938;345938;345938;341984;341984;341984;341984;341984;
;NepolnohospodarskaPoda-spolu;7264380;7399684;7363738;7416516;7425481;7439690;7444865;7465964;7321035;7349191;7360700;7364902;7424780;7472059;7489382;7498802;7500485;7508538;7514313;7522744;7528057;7533328;
;NepolnohospodarskaPoda-lesnypozemok(vm2);1433654;1433612;1436289;1436283;1436283;1436283;1436283;1436283;1436283;1436283;1436283;1436274;1436274;1436274;1436274;1436274;1436274;1436274;1436274;1436241;1436241;1436241;
;NepolnohospodarskaPoda-vodnaplocha(vm2);524507;524507;524507;524507;524507;524507;524507;524507;524507;524507;524507;524507;524507;532045;532045;532045;532045;532045;532045;1074561;1074561;1074561;
;NepolnohospodarskaPoda-zastavanaplochaanadvorie(vm2);1275812;1463827;1426571;1459676;1494883;1597036;1606548;1610179;1614988;1629560;1640647;1644903;1652255;1663815;1670977;1683769;1689319;1696728;1707498;1911171;1922365;1927641;
;NepolnohospodarskaPoda-ostatnaplocha(vm2);4030407;3977738;3976371;3996050;3969808;3881864;3877527;3894995;3745257;3758841;3759263;3759218;3811744;3839925;3850086;3846714;3842847;3843491;3838496;3100771;3094890;3094885;
Borinka;Celkovavymerauzemiaobce-mesta(vm2);15801357;15801357;15796840;15796840;15796840;15796840;15796840;15796840;15796840;15796840;15796840;15791564;15791564;15791564;15792548;15792548;15792548;15792548;15792548;15792548;15792548;15792548;
;PolnohospodarskaPoda-spolu(vm2);2593124;2592705;2591649;2589928;2586779;2584978;2585030;2575832;2573528;2569436;2563376;2557468;2542223;2506190;2507189;2504749;2501503;2496811;2492593;2486671;2477179;2475108;
;PolnohospodarskaPoda-ornaPoda(vm2);732300;732046;734317;732360;732279;784352;826607;819633;470729;467847;466281;461152;443410;811700;811887;810482;818035;816511;815655;812749;808954;808556;
;PolnohospodarskaPoda-vinica(vm2);2522;2522;2522;2522;2522;2522;2522;1942;1942;1942;1942;1942;1942;1942;2889;2889;2889;2889;2889;2889;2889;2889;
;PolnohospodarskaPoda-zahrada;292196;292744;296402;297408;308350;308071;310269;314560;315972;315003;317822;315966;330251;331550;331687;370555;368759;365680;363486;360470;356665;355188;
;PolnohospodarskaPoda-ovocnysad(vm2);86467;86479;86479;87681;87233;87233;84679;81240;81231;81231;78609;78444;69651;67729;66643;66643;66504;66439;66439;66439;66439;66439;
;PolnohospodarskaPoda-trvalytravnyporast(vm2);1479639;1478914;1471929;1469957;1456395;1402800;1360953;1358457;1703654;1703413;1698722;1699964;1696969;1293269;1294083;1254180;1245316;1245292;1244124;1244124;1242232;1242036;
;NepolnohospodarskaPoda-spolu;13208233;13208652;13205191;13206912;13210061;13211862;13211810;13221008;13223312;13227404;13233464;13234096;13249341;13285374;13285359;13287799;13291045;13295737;13299955;13305877;13315369;13317440;
;NepolnohospodarskaPoda-lesnypozemok(vm2);12720608;12720608;12720598;12721666;12721617;12721617;12721537;12721537;12721551;12722802;12721856;12721856;12721734;12721559;12721431;12716910;12716613;12721634;12721570;12721525;12719464;12719459;
;NepolnohospodarskaPoda-vodnaplocha(vm2);134943;134943;132989;132355;132141;132141;132141;132141;132141;131911;131834;126558;126056;126056;125335;122638;122638;122339;122339;122339;122339;122339;
;NepolnohospodarskaPoda-zastavanaplochaanadvorie(vm2);281938;282067;279874;280921;284028;285969;287559;297371;298276;298907;305817;308590;314399;319374;320061;321479;322293;327737;330515;335047;339974;342490;
;NepolnohospodarskaPoda-ostatnaplocha(vm2);70744;71034;71730;71970;72275;72135;70573;69959;71344;73784;73957;77092;87152;118385;118532;126772;129501;124027;125531;126966;133592;133152;
Gajary;Celkovavymerauzemiaobce-mesta(vm2);50878369;50878369;50878369;50878369;50878369;50878369;50878369;50878369;50878369;50878369;50878369;50878369;50878369;50831178;50831178;50831178;50831178;50831178;50831178;50831178;50831178;50831178;
;PolnohospodarskaPoda-spolu(vm2);34127149;34126816;34120222;34137738;34138047;34145922;34145183;34333779;34331025;34330638;34328606;34314788;34192597;34130111;34120596;34073919;34066512;34050013;34033463;34021448;34009729;34057430;
;PolnohospodarskaPoda-ornaPoda(vm2);27603308;27614775;27612632;27607878;27608189;27609280;27608950;29823788;29829944;29894587;29914658;29921132;29803371;29775126;29768155;29724443;29720374;29705963;29693599;29684957;29681041;29689762;
;PolnohospodarskaPoda-vinica(vm2);70639;70639;70371;69499;68915;66668;66084;63333;63333;62270;61235;60669;58971;58479;58527;57943;57125;56201;55197;55077;53376;50782;
;PolnohospodarskaPoda-zahrada;664051;652251;648868;643391;643973;643676;643974;641390;633232;568032;543761;532502;531166;522485;520447;519126;517377;516249;514042;512377;508412;506826;
;PolnohospodarskaPoda-ovocnysad(vm2);578878;578878;578878;578878;578878;578878;578878;0;0;0;0;0;0;0;0;0;0;0;0;0;0;0;
;PolnohospodarskaPoda-trvalytravnyporast(vm2);5210273;5210273;5209473;5238092;5238092;5247420;5247297;3805268;3804516;3805749;3808952;3800485;3799089;3774021;3773467;3772407;3771636;3771600;3770625;3769037;3766900;3810060;
;NepolnohospodarskaPoda-spolu;16751220;16751553;16758147;16740631;16740322;16732447;16733186;16544590;16547344;16547731;16549763;16563581;16685772;16701067;16710582;16757259;16764666;16781165;16797715;16809730;16821449;16773748;
;NepolnohospodarskaPoda-lesnypozemok(vm2);11478894;11582417;11582316;11623322;11623322;11622667;11622667;11365197;11350835;11349277;11348861;11335030;11319417;11314560;11280448;11253927;11251595;11244966;11244966;11244923;11244002;11254331;
;NepolnohospodarskaPoda-vodnaplocha(vm2);1874146;1874146;1874146;1874080;1874080;1884623;1879555;1748064;1748135;1748135;1748135;1755253;1751133;1703942;1703942;1703942;1703942;1703942;1703607;1703607;1703607;1703607;
;NepolnohospodarskaPoda-zastavanaplochaanadvorie(vm2);2043228;1959388;1967575;1874680;1875439;1865878;1867254;1802698;1799959;1799436;1802978;1813671;1832073;1836762;1799200;1800936;1819323;1799970;1799076;1801942;1808568;1808958;
;NepolnohospodarskaPoda-ostatnaplocha(vm2);1354952;1335602;1334110;1368549;1367481;1359279;1363710;1628631;1648415;1650883;1649789;1659627;1783149;1845803;1926992;1998454;1989806;2032287;2050066;2059258;2065272;2006852;
